ID	DOI	edited	contributors	lang	license	pages	series	seriesnumber	title	year	isbn
491	10.5281/zenodo.19222632	editor	Carstens, Vicki & Russell, Katherine R. & Akingbade, Olawale & Morton, Deborah & Diercks, Michael 	eng	CC-BY  4.0	568	Contemporary African Linguistics	14	Pamoja tena 'Together again': African linguistics after COVID	2026	9783961105694
524	10.5281/zenodo.19494857	author	Mambelli, Gloria	eng	CC-BY  4.0	200	World Histories of Lexicography and Lexicology	2	The multilingual lexis of the medieval English manor: A trilingual thesaurus	2026	9783961105717
530	10.5281/zenodo.17977288	editor	Faller, Martina & Vuillermet, Marine &  Schultze-Berndt, Eva 	eng	CC-BY  4.0	556	Research on Comparative Grammar	10	Apprehensional constructions in a cross-linguistic perspective	2026	9783961105564
535	10.5281/zenodo.20538149	author	Müller, Stefan	eng	CC-BY  4.0	644	Textbooks in Language Sciences	17	Head-Driven Phrase Structure Grammar: Eine Einführung. Vierte, komplett überarbeitete Auflage	2026	9783961105830
536	10.5281/zenodo.19069358	editor	Hartmann, Stefan & Schnee, Lena 	eng	CC-BY  4.0	396	Advances in Historical Linguistics	3	Futures of the past: The diachrony of future constructions across languages	2026	9783961105656
552	10.5281/zenodo.19336900	author	Lovestrand, Joseph	eng	CC-BY  4.0	568	Contemporary African Linguistics	15	Directional extensions in Chadic languages	2026	9783961105700
553	10.5281/zenodo.20309582	author	Wiemann, Marco	eng	CC-BY  4.0	352	Advances in Historical Linguistics	4	Tracing the history of pronunciation in nineteenth-century English	2026	9783961105731
563	10.5281/zenodo.18384911	editor	Saguaro Group, The 	eng	CC-BY  4.0	624	Textbooks in Language Sciences	16	Indigenous languages of the Americas and their structures: Sounds	2026	9783961105595
581	10.5281/zenodo.19564874	author	Cassarà, Alessia	eng	CC-BY  4.0	202	Open Romance Linguistics	9	Subject focus in French and Spanish	2026	9783961105724
582	10.5281/zenodo.19069652	author	Montero Estebaranz, Raquel	eng	CC-BY  4.0	264	Open Romance Linguistics	8	Mood alternations: A synchronic and diachronic study of negated complement clauses in Spanish	2026	9783961105663
583	10.5281/zenodo.18999426	author	Schmidt, Jessica	eng	CC-BY  4.0	328	Open Germanic Linguistics	17	Intensitätspartikeln im Deutschen: Zur Semantik von deskriptiver und expressiver Verstärkung	2026	9783961105632
590	10.5281/zenodo.20607629	author	Weston, Heather	eng	CC-BY  4.0	284	Studies in Laboratory Phonology	17	Speech during exercise: Adaptation and variability in production	2026	9783961105847
